{"q_table": {"(3, 1, 3, 1, 2, 1)": {"0": -0.11972129749999999, "1": 0.0, "2": -0.32129427499999996, "3": 0.0, "4": 0.0, "5": 0.0, "6": -0.25591321025, "7": 0.0, "8": 0.0, "9": 0.0}, "(3, 0, 3, 1, 2, 1)": {"0": -0.7790000000000001, "1": 0.0, "2": 0.0, "3": 0.0, "4": 0.0, "5": 0.0, "6": 0.0, "7": 0.0, "8": 0.0, "9": 0.0}, "(3, 2, 3, 1, 2, 1)": {"0": -0.58748, "1": -0.665, "2": -0.608, "3": -0.038, "4": 0.0, "5": 0.0, "6": 0.0, "7": 0.0, "8": 0.0, "9": 0.0}, "(2, 3, 3, 1, 2, 1)": {"0": -0.038, "1": -0.32000000000000006, "2": 0.0, "3": 0.0, "4": -0.32299999999999995, "5": 0.0, "6": 0.0, "7": 0.0, "8": 0.0, "9": 0.0}, "(2, 3, 3, 1, 1, 1)": {"0": -0.038, "1": 0.0, "2": 0.0, "3": 0.0, "4": 0.0, "5": 0.0, "6": 0.0, "7": 0.0, "8": 0.0, "9": 0.0}, "(2, 3, 3, 0, 1, 1)": {"0": -0.27512, "1": -0.152, "2": -0.6233, "3": -0.08, "4": 0.0, "5": -0.152, "6": -0.152, "7": 0.0, "8": 0.0, "9": 0.0}, "(2, 3, 2, 0, 1, 1)": {"0": -0.152, "1": -0.08, "2": 0.0, "3": 0.0, "4": 0.0, "5": 0.0, "6": 0.0, "7": 0.0, "8": 0.0, "9": -0.152}, "(1, 3, 2, 0, 1, 1)": {"0": 0.0, "1": 0.0, "2": 0.0, "3": 0.0, "4": -0.152, "5": 0.0, "6": 0.0, "7": 0.0, "8": 0.0, "9": 0.0}, "(1, 3, 1, 0, 1, 1)": {"0": -0.152, "1": -0.27512, "2": 0.0, "3": 0.0, "4": -0.152, "5": 0.0, "6": 0.0, "7": 0.0, "8": 0.0, "9": 0.0}, "(1, 2, 1, 0, 1, 1)": {"0": 0.0, "1": 0.0, "2": -0.152, "3": 0.0, "4": 0.0, "5": 0.0, "6": 0.0, "7": 0.0, "8": 0.0, "9": 0.0}, "(1, 1, 1, 0, 1, 1)": {"0": -0.152, "1": 0.0, "2": 0.0, "3": 0.0, "4": 0.0, "5": 0.0, "6": 0.0, "7": 0.0, "8": 0.0, "9": 0.0}, "(0, 0, 1, 0, 1, 1)": {"0": -3.9899999999999993, "1": 0.0, "2": 0.0, "3": 0.0, "4": 0.0, "5": 0.0, "6": 0.0, "7": 0.0, "8": 0.0, "9": 0.0}, "(0, 2, 1, 0, 1, 1)": {"0": -0.34199999999999997, "1": 0.0, "2": 0.0, "3": 0.0, "4": 0.0, "5": 0.0, "6": 0.0, "7": 0.0, "8": 0.0, "9": 0.0}, "(0, 2, 1, 0, 0, 1)": {"0": -19.228, "1": 0.0, "2": 0.0, "3": 0.0, "4": 0.0, "5": 0.0, "6": 0.0, "7": 0.0, "8": 0.0, "9": 0.0}}, "epsilon": 0.2985, "stats": {"episodes": 1, "total_updates": 69, "average_q_value": -0.21790677701964287, "best_action_history": []}}