{"q_table": {"(3, 2, 3, 1, 2, 1)": {"0": 0.019950000000000002, "1": 0.0, "2": 0.0, "3": 0.0, "4": 0.0, "5": 0.0, "6": 0.0, "7": 0.0, "8": 0.0, "9": 0.0}, "(3, 1, 3, 1, 2, 1)": {"0": 0.04950249375625001, "1": 0.0, "2": 0.011895250000000001, "3": 0.0, "4": 0.0, "5": 0.0, "6": 0.0, "7": 0.0, "8": 0.0, "9": 0.0}, "(3, 2, 3, 1, 1, 1)": {"0": -0.07005, "1": -0.38, "2": -0.08, "3": -0.08, "4": -0.08, "5": 0.0, "6": 0.0, "7": -0.07905000000000001, "8": 0.0, "9": 0.0}, "(3, 2, 3, 0, 1, 1)": {"0": -0.08, "1": 0.0, "2": 0.0, "3": 0.0, "4": 0.0, "5": 0.0, "6": 0.0, "7": 0.0, "8": 0.0, "9": 0.0}, "(3, 1, 3, 0, 1, 1)": {"0": 0.0, "1": -0.38, "2": 0.0, "3": 0.0, "4": 0.0, "5": 0.0, "6": 0.0, "7": 0.0, "8": 0.0, "9": 0.0}, "(2, 2, 3, 1, 1, 1)": {"0": -0.08, "1": 0.0, "2": 0.0, "3": 0.0, "4": 0.0, "5": 0.0, "6": 0.0, "7": 0.0, "8": 0.0, "9": 0.0}, "(2, 2, 2, 1, 1, 1)": {"0": -0.152, "1": -0.38, "2": 0.0, "3": 0.0, "4": 0.0, "5": 0.0, "6": 0.0, "7": 0.0, "8": 0.0, "9": 0.0}, "(2, 1, 2, 1, 1, 1)": {"0": 0.059254981287468755, "1": 0.0, "2": 0.0, "3": 0.0, "4": 0.0, "5": 0.0, "6": 0.0, "7": 0.0, "8": 0.0, "9": 0.0}, "(2, 3, 2, 1, 1, 1)": {"0": 65.02441583473963, "1": 0.0, "2": 20.92593776869604, "3": 8.779555880553998, "4": 17.410973038244933, "5": 14.483070095606571, "6": 3.5399539804317786, "7": 3.5399539804317786, "8": 6.273822005545747, "9": 20.841921619776137}, "(2, 3, 2, 0, 1, 1)": {"0": 0.0, "1": 1.5365500895314477, "2": 0.0, "3": 0.1557510135733543, "4": 0.0, "5": 0.12492692578937317, "6": 0.0, "7": 0.0, "8": 0.0, "9": 0.0}, "(2, 3, 1, 0, 1, 1)": {"0": -0.08, "1": -0.08, "2": 0.0, "3": 0.0, "4": 0.0, "5": 0.0, "6": 0.0, "7": -0.2168, "8": 0.0, "9": 0.0}, "(1, 3, 1, 0, 1, 1)": {"0": -0.08, "1": -0.02, "2": -0.02, "3": -0.02, "4": -0.025452553625, "5": -0.007171297499999996, "6": -0.02, "7": 0.019950000000000002, "8": -0.08747686210687498, "9": 0.0036021963750000035}, "(1, 3, 1, 0, 0, 1)": {"0": -0.13004999999999997, "1": 0.0, "2": 0.0, "3": 0.0, "4": 0.0, "5": 0.0, "6": 0.0, "7": 0.0, "8": 0.0, "9": 0.0}, "(1, 1, 1, 0, 1, 1)": {"0": -0.266, "1": 0.0, "2": 0.0, "3": 0.0, "4": 0.0, "5": 0.0, "6": 0.0, "7": 0.0, "8": 0.0, "9": 0.0}, "(0, 2, 1, 0, 1, 1)": {"0": -0.24, "1": 0.7581, "2": 0.0, "3": -0.41989999999999994, "4": 0.0, "5": 0.0, "6": 0.0, "7": 0.0, "8": 0.0, "9": 0.0}, "(0, 2, 1, 0, 0, 1)": {"0": -0.39, "1": 0.0, "2": 0.0, "3": 0.0, "4": 0.0, "5": 0.0, "6": 0.0, "7": 0.0, "8": 0.0, "9": 0.0}, "(0, 3, 1, 0, 1, 1)": {"0": -0.12, "1": 0.38, "2": 0.0, "3": 0.0, "4": -0.0839, "5": 0.0, "6": 0.0, "7": 0.0, "8": 0.0, "9": 0.0}, "(0, 3, 1, 0, 1, 2)": {"0": 28.34794072214724, "1": 98.1308422853183, "2": 23.651370584246784, "3": 15.50548543162617, "4": 10.770235803532263, "5": 19.60026131588599, "6": 11.778502413404325, "7": 10.476604276628345, "8": 25.033359134428565, "9": 11.825927726587365}, "(0, 3, 1, 0, 2, 2)": {"0": 0.0, "1": 0.0, "2": 1.4800000000000002, "3": 0.0, "4": 0.0, "5": 0.0, "6": 0.0, "7": 0.0, "8": 0.0, "9": 0.0}}, "epsilon": 0.2985, "stats": {"episodes": 1, "total_updates": 232, "average_q_value": 2.1915356112363833, "best_action_history": []}}