{"q_table": {"(3, 1, 3, 1, 2, 1)": {"0": -0.626605267455808, "1": 0.0, "2": 0.0, "3": 0.0, "4": 0.0, "5": 0.0, "6": 0.0, "7": 0.042494448222309536, "8": 0.0, "9": 0.0}, "(3, 0, 3, 1, 2, 1)": {"0": -0.29, "1": 0.0, "2": 0.0, "3": 0.0, "4": 0.0, "5": 0.0, "6": 0.0, "7": 0.0, "8": 0.0, "9": 0.0}, "(3, 2, 3, 1, 2, 1)": {"0": 5.1798939742346946, "1": 0.0, "2": 0.0, "3": 0.0, "4": 0.0, "5": 0.0, "6": 0.5082080104715312, "7": 0.0, "8": 0.0, "9": 0.0}, "(3, 3, 3, 0, 1, 1)": {"0": 0.0, "1": 0.0, "2": 0.0, "3": 0.0, "4": -0.010049999999999996, "5": 0.0, "6": 0.0, "7": 0.0, "8": 0.0, "9": 0.0}, "(3, 3, 3, 1, 1, 1)": {"0": -0.038, "1": 0.0, "2": 0.0, "3": 0.0, "4": -0.32299999999999995, "5": 0.0, "6": -0.038, "7": 0.0, "8": 0.0, "9": 0.0}, "(2, 3, 2, 1, 1, 1)": {"0": -0.038, "1": -0.32000000000000006, "2": -0.02, "3": 0.0, "4": 0.0, "5": 0.0, "6": -0.16999999999999998, "7": 0.0, "8": 0.0, "9": 0.0}, "(2, 3, 2, 0, 1, 1)": {"0": -0.038, "1": -0.6080000000000001, "2": -0.16999999999999998, "3": -0.02, "4": 0.0, "5": 0.0, "6": -0.32299999999999995, "7": 0.0, "8": 0.0, "9": 0.0}, "(2, 2, 2, 0, 1, 1)": {"0": -0.038, "1": -0.038, "2": -0.038, "3": 0.0, "4": 0.0, "5": 0.0, "6": 0.0, "7": 0.0, "8": 0.0, "9": 0.0}, "(2, 2, 2, 0, 0, 1)": {"0": -0.038, "1": 0.0, "2": 0.0, "3": 0.0, "4": 0.0, "5": 0.0, "6": -0.038, "7": 0.0, "8": 0.0, "9": 0.0}, "(2, 2, 2, 1, 0, 1)": {"0": 10.491309425872545, "1": 0.0, "2": 0.0, "3": 4.4799999999999995, "4": 0.0, "5": 1.437953195457892, "6": 0.0, "7": 0.0, "8": 0.0, "9": 0.0}, "(2, 1, 2, 1, 0, 1)": {"0": 9.622964889999999, "1": 0.0, "2": 0.0, "3": 0.0, "4": 0.0, "5": 0.0, "6": 0.0, "7": 0.0, "8": 0.0, "9": 0.0}, "(2, 3, 2, 1, 0, 1)": {"0": 0.0, "1": 0.0, "2": 0.0, "3": 0.0, "4": 0.0, "5": 0.0, "6": 0.0, "7": -0.608, "8": 0.0, "9": 0.0}, "(1, 3, 2, 1, 0, 1)": {"0": -0.68, "1": -0.35, "2": 0.0, "3": 0.0, "4": 0.0, "5": 0.0, "6": 0.0, "7": 0.0, "8": 0.0, "9": 0.0}, "(0, 3, 2, 0, 0, 1)": {"0": -1.482, "1": -13.833713515000003, "2": 0.0, "3": 0.0, "4": -0.208335, "5": 0.0, "6": 0.0, "7": -0.5700000000000001, "8": -0.912, "9": 0.0}}, "epsilon": 0.2985, "stats": {"episodes": 1, "total_updates": 85, "average_q_value": 0.07068657258430827, "best_action_history": []}}