{"q_table": {"(3, 0, 3, 1, 2, 1)": {"0": 0.019950000000000002, "1": 0.0, "2": 0.0, "3": 0.0, "4": 0.0, "5": 0.0, "6": 0.0, "7": 0.0, "8": 0.0, "9": 0.0}, "(3, 1, 3, 1, 2, 1)": {"0": 0.0, "1": 0.0, "2": 0.0, "3": 0.0, "4": 0.03970099875000001, "5": 0.0, "6": 0.0, "7": 0.0, "8": 0.0, "9": 0.0}, "(3, 2, 3, 1, 2, 1)": {"0": -0.8360000000000001, "1": 0.0, "2": 0.0, "3": 0.0, "4": 0.0, "5": 0.0, "6": 0.0, "7": 0.0, "8": 0.0, "9": 0.0}, "(3, 2, 3, 0, 2, 1)": {"0": 0.019950000000000002, "1": 0.0, "2": 0.0, "3": 0.0, "4": 0.0, "5": 0.0, "6": 0.0, "7": 0.0, "8": 0.0, "9": 0.0}, "(3, 2, 3, 0, 1, 1)": {"0": 0.0, "1": 0.0, "2": 0.07861391284912625, "3": 0.0, "4": 0.0, "5": 0.0, "6": 0.0, "7": 0.0, "8": 0.0, "9": 0.0}, "(3, 2, 3, 1, 1, 1)": {"0": 0.11675438617124836, "1": -0.5374129347714292, "2": 0.0, "3": 0.0, "4": 0.0, "5": 0.0, "6": 0.0, "7": 0.0, "8": 0.0, "9": 0.0}, "(3, 1, 3, 0, 1, 1)": {"0": 0.019950000000000002, "1": 0.0, "2": 0.0, "3": 0.0, "4": 0.0, "5": 0.0, "6": 0.0, "7": 0.0, "8": 0.0, "9": 0.0}, "(3, 1, 3, 1, 1, 1)": {"0": 0.02194205749844063, "1": 0.0, "2": 0.0, "3": 0.022771592625000003, "4": 0.0, "5": 0.0, "6": 0.04081418116787813, "7": 0.0, "8": 0.0, "9": 0.0}, "(3, 1, 3, 1, 0, 1)": {"0": 0.0, "1": 0.0, "2": 0.0, "3": 0.0, "4": 0.0, "5": 0.019950000000000002, "6": 0.0, "7": 0.0, "8": 0.0, "9": 0.0}, "(3, 1, 3, 0, 0, 1)": {"0": 0.0, "1": 0.0, "2": 0.0, "3": 0.0, "4": 0.0, "5": 0.0, "6": 0.019950000000000002, "7": 0.0, "8": 0.0, "9": 0.0}, "(3, 0, 3, 0, 1, 1)": {"0": 0.019950000000000002, "1": 0.0, "2": 0.0, "3": 0.0, "4": 0.0, "5": 0.0, "6": 0.0, "7": 0.0, "8": 0.0, "9": 0.0}, "(0, 0, 3, 1, 1, 1)": {"0": -3.363, "1": 0.0, "2": 0.0, "3": 0.0, "4": 0.0, "5": 0.0, "6": 0.0, "7": 0.0, "8": 0.0, "9": 0.0}, "(0, 1, 3, 1, 1, 1)": {"0": -0.17100000000000004, "1": 0.0, "2": 0.0, "3": 0.0, "4": 0.0, "5": 0.0, "6": 0.0, "7": 0.0, "8": 0.0, "9": 0.0}, "(1, 1, 3, 1, 1, 1)": {"0": 0.019950000000000002, "1": 0.0, "2": 0.0, "3": 0.0, "4": 0.0, "5": 0.0, "6": 0.0, "7": 0.0, "8": 0.0, "9": 0.0}, "(1, 2, 3, 1, 1, 1)": {"0": 0.019950000000000002, "1": 0.0, "2": 0.0, "3": 0.0, "4": 0.0, "5": 0.0, "6": 0.0, "7": 0.0, "8": 0.0, "9": 0.0}, "(1, 1, 3, 1, 0, 1)": {"0": 0.019950000000000002, "1": 0.0, "2": 0.0, "3": 0.0, "4": 0.0, "5": 0.0, "6": 0.0, "7": 0.0, "8": 0.0, "9": 0.0}, "(1, 1, 3, 0, 1, 1)": {"0": 0.019950000000000002, "1": 0.0, "2": 0.0, "3": 0.0, "4": 0.0, "5": 0.0, "6": 0.0, "7": 0.0, "8": 0.0, "9": 0.0}, "(0, 0, 3, 0, 1, 1)": {"0": 0.0, "1": 0.0, "2": 0.0, "3": -2.052, "4": 0.0, "5": 0.0, "6": 0.0, "7": 0.0, "8": 0.0, "9": 0.0}, "(0, 1, 3, 0, 1, 1)": {"0": -20.653000000000002, "1": 0.0, "2": 0.0, "3": 0.0, "4": 0.0, "5": 0.0, "6": 0.0, "7": 0.0, "8": 0.0, "9": 0.0}}, "epsilon": 0.2985, "stats": {"episodes": 1, "total_updates": 64, "average_q_value": -0.14259113581952493, "best_action_history": []}}