{"q_table": {"(3, 2, 3, 1, 2, 1)": {"0": 0.07861391284912625, "1": 0.0, "2": 0.0, "3": 0.0, "4": 0.0, "5": 0.0, "6": -0.14038262199372342, "7": -0.14038262199372342, "8": 0.0, "9": -0.14130447587761188}, "(3, 2, 3, 0, 2, 1)": {"0": 0.019950000000000002, "1": 0.0, "2": 0.0, "3": 0.0, "4": 0.0, "5": 0.0, "6": 0.0, "7": 0.0, "8": 0.0, "9": 0.0}, "(3, 2, 3, 1, 1, 1)": {"0": -0.152, "1": -0.722, "2": -0.152, "3": -0.152, "4": 0.0, "5": 0.0, "6": 0.0, "7": 0.0, "8": 0.0, "9": 0.0}, "(3, 2, 3, 0, 1, 1)": {"0": 0.0, "1": 0.0, "2": 0.0, "3": 0.0, "4": 0.0, "5": -0.152, "6": 0.0, "7": 0.0, "8": 0.0, "9": 0.0}, "(2, 2, 3, 0, 1, 1)": {"0": -0.08, "1": 0.0, "2": 0.0, "3": 0.0, "4": 0.0, "5": 0.0, "6": 0.0, "7": 0.0, "8": 0.0, "9": 0.0}, "(2, 2, 3, 1, 1, 1)": {"0": -0.152, "1": 0.0, "2": 0.0, "3": 0.0, "4": 0.0, "5": -0.13999999999999999, "6": 0.0, "7": 0.0, "8": 0.0, "9": 0.0}, "(2, 2, 2, 1, 1, 1)": {"0": -0.15010475, "1": -0.15010475, "2": -0.04304975, "3": 0.019950000000000002, "4": 0.0, "5": 0.0, "6": 0.0, "7": 0.0, "8": 0.0, "9": 0.0}, "(2, 1, 2, 1, 1, 1)": {"0": 0.0, "1": 0.0, "2": -0.152, "3": 0.0, "4": 0.0, "5": 0.0, "6": 0.0, "7": 0.0, "8": 0.0, "9": 0.0}, "(2, 3, 2, 1, 1, 1)": {"0": 0.019950000000000002, "1": 0.0, "2": 0.0, "3": 0.0, "4": 0.0, "5": 0.0, "6": 0.0, "7": 0.0, "8": 0.0, "9": 0.0}, "(2, 3, 2, 0, 1, 1)": {"0": -0.152, "1": 0.0, "2": 0.0, "3": 0.0, "4": 0.0, "5": 0.0, "6": 0.0, "7": 0.0, "8": 0.0, "9": 0.0}, "(2, 3, 1, 0, 1, 1)": {"0": -0.152, "1": -0.152, "2": 0.0, "3": 0.0, "4": 0.0, "5": 0.0, "6": 0.0, "7": 0.0, "8": 0.0, "9": 0.0}, "(2, 3, 1, 0, 0, 1)": {"0": 0.0, "1": -0.152, "2": 0.0, "3": 0.0, "4": 0.0, "5": 0.0, "6": 0.0, "7": 0.0, "8": 0.0, "9": 0.0}, "(1, 3, 1, 0, 1, 1)": {"0": -0.08, "1": -0.08, "2": -0.08, "3": 0.0, "4": 0.0, "5": 0.0, "6": 0.0, "7": 0.0, "8": 0.0, "9": 0.0}, "(1, 3, 1, 0, 0, 1)": {"0": -0.08, "1": 0.0, "2": 0.0, "3": 0.0, "4": 0.0, "5": 0.0, "6": 0.0, "7": 0.0, "8": 0.0, "9": 0.0}, "(1, 2, 1, 0, 1, 1)": {"0": -0.08, "1": 0.03970099875000001, "2": 0.0, "3": 0.0, "4": 0.0, "5": 0.0, "6": 0.024477319881250004, "7": 0.0, "8": 0.0, "9": 0.0}, "(1, 2, 1, 0, 0, 1)": {"0": 0.010000000000000002, "1": 0.0, "2": 0.0, "3": 0.0, "4": 0.0, "5": 0.0, "6": 0.0, "7": 0.0, "8": 0.0, "9": 0.0}, "(1, 1, 1, 0, 1, 1)": {"0": 0.04950249375625001, "1": 0.0, "2": 0.0, "3": 0.0, "4": 0.0, "5": 0.0, "6": 0.0, "7": 0.0, "8": 0.0, "9": 0.0}, "(1, 1, 1, 0, 0, 1)": {"0": 0.019950000000000002, "1": 0.0, "2": 0.0, "3": 0.0, "4": 0.0, "5": 0.0, "6": 0.0, "7": 0.0, "8": 0.0, "9": 0.0}, "(0, 0, 1, 0, 1, 1)": {"0": -2.5650000000000004, "1": 0.0, "2": 0.0, "3": 0.0, "4": 0.0, "5": 0.0, "6": 0.0, "7": 0.0, "8": 0.0, "9": 0.0}, "(0, 1, 1, 0, 0, 1)": {"0": -0.17100000000000004, "1": 0.0, "2": 0.0, "3": 0.0, "4": 0.0, "5": 0.0, "6": 0.0, "7": 0.0, "8": 0.0, "9": 0.0}, "(0, 2, 1, 0, 1, 1)": {"0": -0.06324052625000001, "1": 1.44863869875, "2": 0.0, "3": 0.0, "4": 0.0, "5": 0.0, "6": 0.0, "7": 0.0, "8": 0.0, "9": 0.0}, "(0, 2, 1, 0, 0, 1)": {"0": -0.17100000000000004, "1": 0.0, "2": 0.0, "3": 0.0, "4": 0.0, "5": 0.0, "6": 0.0, "7": 0.0, "8": 0.0, "9": 0.0}, "(0, 3, 1, 0, 1, 2)": {"0": -10.120000000000001, "1": 0.0, "2": 0.0, "3": 0.0, "4": 0.0, "5": 0.0, "6": 0.0, "7": 0.0, "8": 0.0, "9": 0.0}}, "epsilon": 0.2985, "stats": {"episodes": 1, "total_updates": 83, "average_q_value": -0.06516015683534103, "best_action_history": []}}